frame,tiempo_s,id_jugador,equipo,x_m,y_m
630,25.2,1,0,30.86,5.35
635,25.4,1,0,30.85,5.55
640,25.6,2,0,29.28,13.74
645,25.8,4,0,29.55,13.01
645,25.8,3,0,42.19,14.34
645,25.8,2,0,29.38,13.34
650,26.0,4,0,30.12,12.23
650,26.0,3,0,42.57,13.21
650,26.0,2,0,29.99,12.54
655,26.2,4,0,29.95,12.37
655,26.2,3,0,43.04,12.08
655,26.2,2,0,29.94,12.58
660,26.4,4,0,31.31,10.6
660,26.4,3,0,43.23,12.32
665,26.6,2,0,30.82,11.48
665,26.6,3,0,43.54,11.54
670,26.8,2,0,29.8,12.7
670,26.8,3,0,44.51,9.21
675,27.0,2,0,30.08,12.55
680,27.2,2,0,30.22,12.47
685,27.4,5,0,30.74,12.24
730,29.2,2,0,31.91,10.53
760,30.4,6,0,50.81,2.98
765,30.6,6,0,50.75,3.33
770,30.8,6,0,50.68,3.46
770,30.8,7,0,52.36,13.68
775,31.0,7,0,52.34,13.94
780,31.2,7,0,52.41,13.87
785,31.4,7,0,52.35,14.79
790,31.6,8,0,59.26,11.97
795,31.8,8,0,59.65,12.35
795,31.8,9,0,45.84,1.77
815,32.6,9,0,45.64,2.36
820,32.8,9,0,45.6,2.55
830,33.2,10,0,42.04,17.34
845,33.8,11,0,67.35,14.93
850,34.0,11,0,67.21,14.73
860,34.4,13,0,43.73,20.5
860,34.4,12,0,58.81,19.21
860,34.4,11,0,67.68,15.64
865,34.6,12,0,58.84,18.89
865,34.6,13,0,43.77,20.96
865,34.6,11,0,67.61,15.86
870,34.8,12,0,59.3,20.69
875,35.0,14,0,71.07,15.01
875,35.0,12,0,59.79,22.22
880,35.2,14,0,70.85,14.75
1075,43.0,15,0,44.55,13.42
1605,64.2,16,0,32.68,16.76
1610,64.4,16,0,32.76,16.42
1620,64.8,17,0,31.42,17.83
1625,65.0,17,0,31.73,17.2
1640,65.6,16,0,32.5,16.2
1660,66.4,18,0,28.58,16.08
1665,66.6,18,0,28.79,15.8
1670,66.8,18,0,28.21,16.53
1670,66.8,19,0,12.3,17.83
1675,67.0,18,0,28.5,16.31
1675,67.0,19,0,12.8,17.44
1680,67.2,18,0,26.62,18.54
1680,67.2,20,0,32.87,18.05
1680,67.2,19,0,13.46,16.94
1685,67.4,18,0,26.26,18.87
1690,67.6,18,0,27.58,17.05
1700,68.0,21,0,25.76,18.66
1700,68.0,19,0,13.79,16.77
1705,68.2,21,0,26.83,17.23
1705,68.2,19,0,14.52,16.29
1710,68.4,19,0,15.03,15.89
1715,68.6,22,0,25.22,18.2
1715,68.6,19,0,15.04,15.92
1720,68.8,22,0,24.12,19.14
1720,68.8,19,0,15.21,15.78
1765,70.6,23,0,19.63,20.51
1765,70.6,19,0,16.45,14.98
1770,70.8,23,0,20.65,19.23
1775,71.0,23,0,19.08,20.66
1805,72.2,24,0,37.07,17.51
1810,72.4,24,0,36.68,18.22
1815,72.6,24,0,36.18,19.06
1820,72.8,24,0,36.75,17.82
1960,78.4,25,0,23.51,13.39
1965,78.6,25,0,23.89,13.07
1985,79.4,25,0,24.79,12.35
1995,79.8,25,0,25.01,12.1
2085,83.4,26,0,28.14,11.56
2090,83.6,27,0,34.83,22.55
2145,85.8,28,0,44.03,19.29
2145,85.8,20,0,35.24,14.06
2150,86.0,28,0,44.42,18.39
2265,90.6,29,0,34.34,12.26
2270,90.8,29,0,34.34,12.3
2275,91.0,29,0,34.26,12.42
2280,91.2,29,0,34.54,12.04
2300,92.0,30,0,35.24,11.7
2305,92.2,30,0,35.25,11.67
2310,92.4,30,0,35.26,11.61
2315,92.6,29,0,34.86,11.56
2320,92.8,29,0,34.65,11.74
2325,93.0,29,0,35.01,11.14
2365,94.6,29,0,35.85,9.97
2530,101.2,31,0,49.41,19.73
4950,198.0,32,0,46.99,13.58
4970,198.8,32,0,46.9,14.78
4975,199.0,32,0,46.7,15.91
5155,206.2,33,0,38.34,9.79
5160,206.4,33,0,38.87,8.74
5165,206.6,33,0,38.77,8.95
5245,209.8,34,0,61.59,15.91
5660,226.4,35,0,46.6,17.72
5665,226.6,35,0,46.63,17.6
5670,226.8,35,0,46.41,18.81
5675,227.0,35,0,46.32,19.29
5680,227.2,35,0,46.22,20.33
5685,227.4,35,0,46.16,21.05
5695,227.8,36,0,63.83,16.15
5710,228.4,37,0,64.21,15.65
5715,228.6,37,0,64.34,15.48
5720,228.8,34,0,62.06,17.41
5720,228.8,37,0,64.5,15.38
5755,230.2,38,0,63.58,17.83
5760,230.4,39,0,63.63,17.28
5780,231.2,36,0,64.58,17.88
5810,232.4,40,0,54.48,10.93
5815,232.6,40,0,54.56,11.08
5820,232.8,40,0,54.59,11.15
5825,233.0,40,0,54.57,11.05
5845,233.8,41,0,69.2,12.94
5850,234.0,41,0,69.16,12.82
5855,234.2,41,0,69.16,12.77
5860,234.4,41,0,68.83,12.37
5860,234.4,42,0,65.77,16.19
5865,234.6,42,0,66.13,16.87
5870,234.8,42,0,65.68,16.48
5875,235.0,43,0,68.22,12.04
5875,235.0,42,0,65.78,16.84
5880,235.2,42,0,65.39,16.4
5880,235.2,43,0,68.19,12.11
5885,235.4,42,0,64.59,15.23
5890,235.6,42,0,64.84,15.94
5895,235.8,42,0,64.53,15.71
5900,236.0,37,0,67.64,12.45
5900,236.0,42,0,64.26,15.62
5905,236.2,42,0,64.14,15.59
5910,236.4,42,0,64.18,15.72
5925,237.0,44,0,65.29,10.21
5925,237.0,45,0,48.48,6.54
5925,237.0,42,0,63.11,14.68
5930,237.2,42,0,63.01,14.5
5930,237.2,44,0,65.3,10.53
5930,237.2,46,0,42.79,19.93
5935,237.4,42,0,62.89,14.37
5935,237.4,46,0,42.84,19.66
5940,237.6,42,0,62.55,13.81
5940,237.6,47,0,57.66,10.41
5945,237.8,42,0,62.53,14.08
5945,237.8,47,0,57.78,10.85
5950,238.0,42,0,62.36,13.88
5950,238.0,48,0,64.04,10.07
5950,238.0,47,0,57.76,10.85
5955,238.2,42,0,62.23,13.64
5955,238.2,47,0,57.79,11.02
5955,238.2,48,0,63.78,9.8
5960,238.4,47,0,57.91,11.11
5960,238.4,42,0,62.17,13.79
5965,238.6,47,0,58.01,11.19
5965,238.6,42,0,61.99,13.51
5965,238.6,49,0,48.12,10.96
5970,238.8,42,0,62.11,13.94
5970,238.8,47,0,58.2,11.63
5970,238.8,49,0,48.21,10.76
5970,238.8,50,0,70.37,19.13
5975,239.0,51,0,66.12,4.23
5975,239.0,52,0,73.19,6.86
5975,239.0,53,0,58.55,12.03
5975,239.0,50,0,70.42,19.21
5975,239.0,47,0,58.27,11.66
5975,239.0,42,0,62.04,13.9
5980,239.2,51,0,66.07,4.21
5980,239.2,54,0,70.96,12.07
5980,239.2,52,0,73.18,6.86
5980,239.2,53,0,58.67,12.25
5980,239.2,42,0,62.12,14.46
5980,239.2,47,0,58.37,11.92
5985,239.4,51,0,66.01,4.35
5985,239.4,52,0,73.17,6.86
5985,239.4,42,0,61.97,14.24
5985,239.4,53,0,58.85,12.48
5990,239.6,51,0,65.77,4.18
5990,239.6,55,0,65.47,10.76
5990,239.6,52,0,73.21,6.88
5990,239.6,42,0,61.8,13.95
5990,239.6,53,0,59.07,12.9
5995,239.8,51,0,65.67,4.13
5995,239.8,42,0,61.69,13.69
5995,239.8,52,0,73.11,6.78
5995,239.8,55,0,65.4,10.84
5995,239.8,56,0,58.89,11.9
5995,239.8,53,0,59.02,12.56
6000,240.0,51,0,65.69,4.19
6000,240.0,52,0,73.04,6.7
6000,240.0,42,0,61.7,13.72
6000,240.0,55,0,65.17,10.6
6000,240.0,56,0,59.0,11.94
6000,240.0,37,0,70.45,12.69
6005,240.2,56,0,59.07,11.83
6005,240.2,52,0,73.11,6.73
6005,240.2,55,0,64.91,10.44
6005,240.2,42,0,61.19,12.3
6005,240.2,51,0,65.98,4.5
6010,240.4,51,0,66.01,4.6
6010,240.4,56,0,58.94,11.23
6010,240.4,52,0,73.17,6.74
6015,240.6,56,0,59.11,11.27
6020,240.8,57,0,69.94,12.8
6020,240.8,58,0,59.3,7.58
6025,241.0,57,0,70.45,13.51
6025,241.0,42,0,59.0,7.57
6030,241.2,57,0,70.5,13.6
6030,241.2,52,0,73.1,6.57
6035,241.4,57,0,70.24,13.27
6035,241.4,52,0,73.14,6.61
6040,241.6,57,0,70.16,13.11
6040,241.6,52,0,73.05,6.52
6045,241.8,57,0,70.19,13.1
6050,242.0,59,0,56.93,4.72
6050,242.0,57,0,69.96,12.67
6050,242.0,60,0,62.11,14.86
6055,242.2,57,0,70.03,12.62
6055,242.2,59,0,57.04,4.47
6060,242.4,59,0,56.98,4.18
6060,242.4,57,0,70.4,12.89
6060,242.4,60,0,61.53,13.87
6065,242.6,59,0,57.14,4.1
6065,242.6,60,0,60.68,12.0
6065,242.6,57,0,70.35,12.67
6070,242.8,59,0,56.45,2.28
6085,243.4,61,0,52.89,7.87
6090,243.6,61,0,53.15,8.11
6095,243.8,61,0,53.28,8.2
6100,244.0,61,0,53.5,8.45
6105,244.2,61,0,53.63,8.56
6110,244.4,61,0,53.73,8.73
6115,244.6,62,0,69.48,5.4
6115,244.6,61,0,53.94,8.88
6120,244.8,61,0,54.09,8.93
6125,245.0,61,0,54.26,9.2
6130,245.2,63,0,66.88,8.31
6135,245.4,64,0,70.73,5.98
6135,245.4,63,0,67.62,9.18
6140,245.6,64,0,70.83,5.97
6140,245.6,65,0,68.03,7.32
6140,245.6,66,0,71.34,7.49
6140,245.6,63,0,67.7,9.41
6145,245.8,64,0,71.0,6.23
6145,245.8,65,0,68.34,7.6
6145,245.8,63,0,67.95,9.71
6145,245.8,66,0,71.26,7.3
6150,246.0,63,0,68.59,10.4
6150,246.0,65,0,69.42,8.75
6155,246.2,66,0,70.82,6.62
6155,246.2,65,0,68.83,8.12
6160,246.4,66,0,70.53,6.39
6160,246.4,65,0,69.0,8.37
6160,246.4,67,0,80.04,13.03
6165,246.6,66,0,70.38,6.33
6165,246.6,65,0,68.98,8.49
6170,246.8,66,0,70.36,6.5
6175,247.0,66,0,70.3,6.58
6175,247.0,68,0,80.97,13.42
6180,247.2,68,0,80.96,13.42
6180,247.2,66,0,70.92,7.22
6185,247.4,68,0,81.19,13.65
6195,247.8,67,0,81.15,13.96
6200,248.0,67,0,82.1,14.95
6200,248.0,69,0,74.31,15.19
6205,248.2,69,0,74.74,15.79
6215,248.6,70,0,65.8,8.03
6245,249.8,37,0,75.25,10.94
6250,250.0,37,0,75.65,11.26
6255,250.2,51,0,64.3,6.12
6255,250.2,37,0,75.45,10.94
6770,270.8,71,0,68.74,12.44
6895,275.8,72,0,69.84,11.59
6895,275.8,73,0,59.52,18.41
6900,276.0,72,0,69.75,11.57
6900,276.0,73,0,59.3,17.56
6905,276.2,73,0,59.6,18.56
6910,276.4,73,0,59.77,19.02
11355,454.2,74,0,28.83,11.58
11365,454.6,76,0,18.06,17.02
11365,454.6,75,0,28.39,11.58
11370,454.8,77,0,28.75,10.87
11375,455.0,77,0,28.16,11.19
11380,455.2,77,0,27.89,11.41
11385,455.4,77,0,27.49,11.79
11390,455.6,77,0,27.81,11.41
11395,455.8,77,0,27.69,11.53
11395,455.8,78,0,27.98,11.42
11400,456.0,77,0,27.94,11.18
11405,456.2,77,0,27.44,11.65
11410,456.4,77,0,26.92,12.19
11415,456.6,77,0,27.07,12.04
11420,456.8,77,0,26.97,12.1
11425,457.0,77,0,26.68,12.35
11430,457.2,77,0,25.99,13.02
11450,458.0,79,0,25.53,12.94
11455,458.2,79,0,25.47,12.83
11460,458.4,79,0,25.51,12.65
11465,458.6,79,0,24.09,13.95
11500,460.0,77,0,25.03,13.28
11505,460.2,77,0,24.01,14.34
11510,460.4,77,0,23.48,14.84
12350,494.0,80,0,21.22,18.13
12765,510.6,82,0,56.35,21.7
12765,510.6,81,0,51.0,21.34
12770,510.8,81,0,51.17,21.51
14520,580.8,83,0,74.08,13.77
14525,581.0,83,0,74.81,14.55
14735,589.4,84,0,75.11,18.87
14740,589.6,84,0,75.17,19.02
14745,589.8,85,0,79.23,14.72
14745,589.8,84,0,75.25,19.17
14750,590.0,85,0,80.01,15.51
14750,590.0,84,0,74.56,18.27
14810,592.4,86,0,66.73,13.31
14815,592.6,87,0,66.7,13.51
14815,592.6,88,0,74.74,17.48
14815,592.6,86,0,66.48,12.96
14820,592.8,87,0,66.48,13.28
14825,593.0,87,0,66.25,13.12
14825,593.0,88,0,74.88,17.56
14830,593.2,87,0,65.83,12.54
14830,593.2,88,0,74.2,16.64
14835,593.4,88,0,73.96,16.32
14835,593.4,89,0,74.24,16.86
14840,593.6,89,0,73.99,16.55
14845,593.8,89,0,73.4,15.96
14850,594.0,90,0,68.17,5.87
14850,594.0,89,0,73.41,15.94
14875,595.0,91,0,67.04,5.5
14875,595.0,88,0,71.11,12.59
14880,595.2,88,0,70.93,12.45
14880,595.2,91,0,67.07,5.64
14885,595.4,88,0,69.95,11.32
14885,595.4,91,0,67.0,5.7
14890,595.6,88,0,69.85,11.32
14895,595.8,91,0,66.75,5.63
14895,595.8,88,0,68.83,10.11
14900,596.0,91,0,66.11,5.14
14900,596.0,88,0,69.15,10.55
14905,596.2,89,0,69.64,11.53
14910,596.4,91,0,66.18,5.23
14910,596.4,89,0,69.99,11.95
14915,596.6,91,0,65.89,4.87
14915,596.6,89,0,67.3,8.75
14915,596.6,92,0,70.49,10.08
14920,596.8,89,0,68.68,10.57
14920,596.8,92,0,70.54,10.24
14950,598.0,93,0,70.02,12.32
14955,598.2,93,0,70.31,12.83
